,split0,split1,split2,means,stds,rank,C's
0,0.09926125923425957,0.09828627142160723,0.0983649591239781,0.09863749659328164,0.00044223509044845826,5,0.001
1,0.09926125923425957,0.09828627142160723,0.0983649591239781,0.09863749659328164,0.00044223509044845826,5,0.01
2,0.12322345970675366,0.11999850001874976,0.12161554038850972,0.12161250003800439,0.0013165860346899614,4,0.1
3,0.19023512206097423,0.1894476319046012,0.1924923123078077,0.1907250220911277,0.0012903542715279638,3,1.0
4,0.22375970300371245,0.2275846551918101,0.2284557113927848,0.22660002319610242,0.002039648470167985,2,10.0
5,0.2253721828477144,0.22938463269209136,0.22901822545563638,0.2279250136651474,0.001811311210616643,1,20.0
